20071123 11:00,1034400,1054500,1029600,1050100,220500
20071123 12:00,1050200,1064800,1044500,1059700,231941
20071126 09:00,1059800,1099000,1041500,1090000,446432
20071126 10:00,1089600,1150000,1089400,1123000,884631
20071126 11:00,1123000,1132400,1102900,1124200,423873
20071126 12:00,1124400,1148600,1123500,1137800,307592
20071126 13:00,1138500,1140300,1116500,1123800,200985
20071126 14:00,1123300,1131900,1083400,1089300,431303
20071126 15:00,1090300,1093500,1061900,1080000,398089
20071127 09:00,1116100,1131900,1086000,1090600,278852
20071127 10:00,1092600,1105100,1057500,1103100,344484
20071127 11:00,1102900,1102900,1077800,1085500,253492
20071127 12:00,1085100,1086500,1052500,1066600,293890
20071127 13:00,1065600,1072200,1056600,1058100,225466
20071127 14:00,1058800,1060500,1032500,1045600,304398
20071127 15:00,1045100,1058100,1030500,1056000,391301
20071128 09:00,1115000,1132500,1091500,1128700,525377
20071128 10:00,1129500,1177000,1125000,1164500,1010523
20071128 11:00,1163300,1163300,1130000,1147200,381796
20071128 12:00,1146500,1187500,1145800,1183200,484912
20071128 13:00,1183900,1211800,1175900,1204500,422565
20071128 14:00,1205800,1225800,1196500,1206800,515663
20071128 15:00,1205600,1221000,1194300,1211000,619574
20071129 09:00,1200000,1284900,1189200,1273400,603672
20071129 10:00,1273200,1293700,1255900,1272100,731411
20071129 11:00,1271200,1287400,1266600,1267600,566607
20071129 12:00,1268200,1270400,1215400,1218600,531628
20071129 13:00,1218000,1232200,1200000,1226500,523666
20071129 14:00,1225800,1244500,1221600,1234200,334427
20071129 15:00,1234400,1250000,1222000,1244400,561869
20071130 09:00,1296500,1320000,1279000,1299900,775925
20071130 10:00,1300000,1304100,1252300,1270200,663797
20071130 11:00,1269900,1270400,1211400,1232700,610950
20071130 12:00,1233100,1240000,1225400,1232000,408887
20071130 13:00,1233000,1260000,1230200,1258000,323932
20071130 14:00,1257000,1260000,1242900,1248300,291290
20071130 15:00,1248400,1249900,1224600,1244400,776070
20071203 09:00,1240000,1289700,1225200,1274100,441125
20071203 10:00,1273700,1279900,1240000,1271600,517884
20071203 11:00,1272400,1280000,1250200,1272200,335324
20071203 12:00,1272100,1291100,1265200,1286600,366606
20071203 13:00,1285100,1301600,1255500,1262300,478864
20071203 14:00,1261300,1279600,1261100,1277600,210974
20071203 15:00,1278400,1288900,1265700,1275400,352352
20071204 09:00,1280000,1296200,1245600,1287500,279649
20071204 10:00,1287400,1331100,1267000,1270800,792089
20071204 11:00,1271500,1291300,1250000,1253900,374027
20071204 12:00,1254200,1304600,1247500,1301200,487493
20071204 13:00,1302600,1320000,1293800,1299100,555937
20071204 14:00,1298200,1300400,1276900,1288600,335134
20071204 15:00,1288300,1298900,1279700,1281700,453436
20071205 09:00,1348400,1360000,1326400,1357700,504123
20071205 10:00,1357000,1359900,1335300,1355400,387251
20071205 11:00,1356000,1363300,1338000,1342200,307460
20071205 12:00,1342200,1347900,1316500,1326800,345710
20071205 13:00,1327500,1327500,1315000,1318300,192705
20071205 14:00,1318300,1334800,1278300,1295000,579193
20071205 15:00,1295000,1310000,1282800,1305000,404573
20071206 09:00,1327000,1327000,1290000,1315100,188222
20071206 10:00,1314800,1319400,1251400,1276800,503914
20071206 11:00,1276700,1288600,1257400,1273700,281551
20071206 12:00,1273800,1282000,1256800,1270600,210173
20071206 13:00,1272400,1281200,1240300,1243100,287619
20071206 14:00,1243400,1270000,1239200,1257500,431095
20071206 15:00,1257500,1271900,1247900,1254400,477709
20071207 09:00,1313700,1317300,1266000,1268000,619881
20071207 10:00,1269800,1290000,1265700,1278300,547224
20071207 11:00,1278700,1316100,1262800,1306300,669286
20071207 12:00,1307500,1309000,1284100,1291200,349918
20071207 13:00,1291000,1302400,1283900,1298300,211618
20071207 14:00,1298600,1326000,1298600,1317000,468416
20071207 15:00,1317600,1340100,1313600,1336100,593454
20071210 09:00,1361900,1396600,1315400,1357700,571115
20071210 10:00,1357700,1373000,1344200,1363500,487498
20071210 11:00,1365000,1366900,1337200,1351000,240328
20071210 12:00,1349800,1352700,1332100,1332600,162044
20071210 13:00,1332500,1355000,1331600,1341000,181353
20071210 14:00,1341000,1352500,1331400,1343500,311814
20071210 15:00,1343300,1347400,1331000,1336400,403968
20071211 09:00,1363500,1363500,1332800,1342500,467462
20071211 10:00,1343600,1352600,1338100,1341800,248863
20071211 11:00,1340600,1342500,1325800,1335400,190276
20071211 12:00,1335500,1336000,1326800,1330600,118224
20071211 13:00,1330700,1337700,1324600,1327800,172355
20071211 14:00,1327800,1328000,1265100,1278000,631401
20071211 15:00,1277100,1279200,1223300,1239900,869169
20071212 09:00,1314800,1314900,1270100,1292200,498874
20071212 10:00,1292500,1312500,1277100,1277300,405783
20071212 11:00,1275300,1294200,1274500,1291400,270475
20071212 12:00,1293000,1293800,1246200,1251800,325443
20071212 13:00,1253200,1283600,1237600,1275200,344897
20071212 14:00,1275200,1295000,1265000,1267100,219009
20071212 15:00,1267100,1274000,1230000,1272000,451531
20071213 09:00,1283000,1299900,1250400,1268000,338787
20071213 10:00,1269200,1297200,1235100,1240000,656377
20071213 11:00,1241300,1244700,1211800,1238300,452689
20071213 12:00,1238900,1239000,1222300,1227000,143000
20071213 13:00,1230000,1235800,1223000,1234500,163550
20071213 14:00,1233900,1255700,1226600,1230800,515952
20071213 15:00,1231300,1262800,1228400,1258800,360464
20071214 09:00,1256500,1270000,1244200,1255300,316705
20071214 10:00,1256800,1319700,1247500,1310300,809077
20071214 11:00,1310400,1315000,1292200,1305400,452163
20071214 12:00,1305900,1318900,1303500,1312900,222425
20071214 13:00,1313200,1313200,1295100,1300900,240288
20071214 14:00,1301500,1303800,1280000,1280500,179167
20071214 15:00,1280300,1286400,1268100,1281900,406312
20071217 09:00,1285100,1291900,1253400,1259700,255801
20071217 10:00,1259600,1266100,1245800,1256000,250923
20071217 11:00,1254800,1258500,1239000,1241300,205414
20071217 12:00,1241000,1245900,1230300,1243500,145105
20071217 13:00,1242700,1246000,1215000,1218200,214590
20071217 14:00,1218000,1231800,1207800,1214200,280014
20071217 15:00,1213500,1220000,1192600,1214900,449022
20071218 09:00,1242200,1249500,1216000,1228800,297706
20071218 10:00,1230800,1230800,1201800,1225100,262970
20071218 11:00,1225300,1239600,1209300,1210000,271296
20071218 12:00,1209700,1227500,1198300,1222900,194141
20071218 13:00,1222300,1246800,1213200,1240000,219952
20071218 14:00,1240800,1258900,1237900,1246300,278885
20071218 15:00,1246900,1263300,1243900,1253500,393234
20071219 09:00,1261400,1292900,1254600,1277600,293313
20071219 10:00,1281600,1282600,1252100,1261300,319446
20071219 11:00,1261300,1261700,1247700,1254300,171984
20071219 12:00,1253500,1278800,1250400,1274300,176880
20071219 13:00,1273100,1274900,1255000,1262800,167433
20071219 14:00,1262000,1290900,1262000,1283900,264332
20071219 15:00,1283900,1297100,1278400,1291100,363127
20071220 09:00,1308900,1326800,1300100,1304900,347300
20071220 10:00,1303100,1308000,1292200,1297500,329170
20071220 11:00,1297100,1297700,1282800,1284800,282730
20071220 12:00,1285000,1295600,1279500,1290000,131673
20071220 13:00,1290000,1299700,1289300,1297000,145924
20071220 14:00,1295600,1305700,1295200,1302300,116657
20071220 15:00,1302100,1316800,1297000,1316300,484290
20071221 09:00,1326500,1335700,1317600,1320000,191252
20071221 10:00,1320100,1329800,1313100,1326000,237649
20071221 11:00,1326100,1342100,1326000,1328000,486212
20071221 12:00,1328000,1332500,1320100,1320300,155839
20071221 13:00,1320300,1321700,1307900,1309000,159518
20071221 14:00,1309200,1322200,1309200,1314900,201929
20071221 15:00,1314600,1324700,1285700,1290200,758137
20071224 09:00,1306000,1337400,1300500,1334900,286877
20071224 10:00,1333400,1346100,1324200,1337000,346282
20071224 11:00,1336800,1381700,1334500,1381700,505197
20071224 12:00,1380600,1399000,1373200,1384200,535307
20071224 13:00,1382100,1382100,1369300,1382000,1650
20071226 09:00,1402200,1444900,1385000,1407100,771285
20071226 10:00,1406100,1422200,1385700,1410300,518604
20071226 11:00,1408800,1419700,1394800,1399100,272518
20071226 12:00,1399900,1417700,1393600,1410200,159369
20071226 13:00,1411300,1430000,1408700,1426000,236957
20071226 14:00,1426400,1430000,1415800,1425900,213630
20071226 15:00,1426700,1426700,1404600,1416200,331071
20071227 09:00,1403200,1427400,1392400,1393300,196484
20071227 10:00,1393100,1412900,1384000,1385700,305742
20071227 11:00,1385700,1393700,1347700,1383400,400890
20071227 12:00,1383000,1383000,1353100,1375400,181774
20071227 13:00,1375100,1375700,1354600,1366100,176974
20071227 14:00,1367000,1380000,1362600,1367800,146012
20071227 15:00,1368500,1374300,1342900,1351300,351636
20071228 09:00,1380500,1381700,1340400,1342800,165802
20071228 10:00,1340500,1353200,1314800,1334700,340757
20071228 11:00,1334800,1352100,1334300,1342000,155427
20071228 12:00,1342100,1347500,1320000,1320100,157397
20071228 13:00,1320100,1330600,1317000,1330600,157778
20071228 14:00,1331100,1332800,1321800,1324900,115510
20071228 15:00,1325000,1330000,1310000,1310500,500998
20071231 09:00,1303300,1334200,1292900,1314500,255358
20071231 10:00,1314500,1323800,1312500,1318100,118879
20071231 11:00,1319000,1319000,1299000,1303900,135919
20071231 12:00,1303200,1308400,1300400,1304400,63619
20071231 13:00,1304600,1307500,1300000,1300100,89066
20071231 14:00,1300500,1306100,1299800,1301600,133244
20071231 15:00,1302100,1310000,1293000,1303900,410936
20080102 09:00,1320000,1320900,1291700,1294800,209751
20080102 10:00,1295400,1295400,1258900,1279000,418248
20080102 11:00,1280500,1288000,1248500,1262900,315632
20080102 12:00,1264100,1264500,1238300,1246200,369799
20080102 13:00,1247900,1259500,1238300,1254400,271385
20080102 14:00,1256300,1285500,1255400,1262300,350150
20080102 15:00,1262200,1279900,1262100,1277200,281715
20080103 09:00,1278800,1294600,1270200,1271900,228487
20080103 10:00,1273700,1308400,1273700,1302800,411438
20080103 11:00,1302500,1324000,1300400,1321800,361593
20080103 12:00,1322200,1342800,1318500,1333000,356124
20080103 13:00,1331900,1332800,1310700,1322500,276138
20080103 14:00,1321400,1335700,1316700,1328000,212855
20080103 15:00,1328000,1328600,1304000,1312900,314449
20080104 09:00,1275900,1334300,1275700,1313100,398607
20080104 10:00,1314600,1320100,1278500,1279600,376943
20080104 11:00,1279000,1279200,1247800,1266200,578172
20080104 12:00,1265200,1288900,1265200,1282700,324207
20080104 13:00,1281900,1284000,1272000,1278700,124222
20080104 14:00,1277500,1278900,1248700,1269800,264484
20080104 15:00,1267400,1277500,1251400,1264200,437028
20080107 09:00,1276100,1289700,1256600,1272400,399091
20080107 10:00,1271500,1271500,1188500,1201800,912712
20080107 11:00,1202200,1252900,1202100,1240200,519403
20080107 12:00,1240800,1251700,1213000,1246000,400082
20080107 13:00,1245700,1254000,1218500,1220700,366013
20080107 14:00,1221200,1222600,1189100,1194000,442438
20080107 15:00,1194900,1200400,1135000,1177700,1243866
20080108 09:00,1175500,1194100,1147100,1180500,403966
20080108 10:00,1180600,1212500,1175500,1190600,513009
20080108 11:00,1190600,1200200,1170000,1175200,432985
20080108 12:00,1176300,1183900,1160700,1168700,338457
20080108 13:00,1171100,1192400,1162100,1192400,387006
20080108 14:00,1191500,1198900,1175100,1177200,391745
20080108 15:00,1174400,1183300,1142700,1151500,1056466
20080109 09:00,1134900,1169000,1134900,1161700,399299
20080109 10:00,1161900,1176000,1116400,1118500,434751
20080109 11:00,1119400,1127200,1057500,1082800,889687
20080109 12:00,1082800,1085500,1062600,1066300,559810
20080109 13:00,1066600,1078500,1024900,1047800,564498
20080109 14:00,1047600,1099400,1025500,1090000,787198
20080109 15:00,1090000,1121700,1088400,1111200,955646
20080110 09:00,1080000,1091200,1062600,1071800,284524
20080110 10:00,1071800,1084900,1052400,1068600,409473
20080110 11:00,1067700,1072400,1043600,1071500,615550
20080110 12:00,1070900,1112600,1067800,1095600,346999
20080110 13:00,1095500,1099600,1069300,1084100,237553
20080110 14:00,1084100,1115800,1081700,1108200,302339
20080110 15:00,1108200,1125000,1100000,1107100,488174
20080111 09:00,1149700,1158000,1110000,1121600,447550
20080111 10:00,1121800,1134000,1107400,1124000,408707
20080111 11:00,1123700,1123800,1077000,1096400,522391
20080111 12:00,1095100,1106000,1089200,1104500,158187
20080111 13:00,1105000,1105000,1070000,1070600,274144
20080111 14:00,1071100,1095900,1071100,1085300,177216
20080111 15:00,1083800,1092500,1075900,1086800,293171
20080114 09:00,1098500,1104200,1075000,1095500,248220
20080114 10:00,1095300,1106600,1077600,1080900,292040
20080114 11:00,1081300,1084900,1062100,1076500,299852
20080114 12:00,1075100,1082400,1064300,1079400,145530
20080114 13:00,1081100,1104800,1081100,1104400,254728
20080114 14:00,1103100,1111200,1090000,1107200,219188
20080114 15:00,1107800,1111400,1097300,1106100,374930
20080115 09:00,1073800,1090700,1065200,1069200,231685
20080115 10:00,1070000,1072000,1016900,1019400,703780
20080115 11:00,1020000,1044300,1004200,1007100,620932
20080115 12:00,1008200,1011800,987200,995900,611080
20080115 13:00,996100,1004600,959500,959500,582121
20080115 14:00,960200,988500,956700,964500,516577
20080115 15:00,964900,985000,961100,981200,689102
20080116 09:00,979500,999900,951200,957000,930381
20080116 10:00,956300,957100,868100,898800,1502473
20080116 11:00,899600,936500,886300,934500,1171216
20080116 12:00,934300,945400,929900,932600,663001
20080116 13:00,932600,940500,915500,932600,494432
20080116 14:00,932900,963600,927100,938700,850149
20080116 15:00,939700,957600,910000,916300,842894
20080117 09:00,858300,892400,852500,889800,1132203
20080117 10:00,888900,888900,850000,860200,1233833
20080117 11:00,860300,877800,851400,853900,607908
20080117 12:00,853800,855100,829000,832000,815095
20080117 13:00,832000,852400,822000,840900,523083
20080117 14:00,840600,841200,821500,832600,653424
20080117 15:00,832600,840000,801600,809500,945922
20080118 09:00,830000,836700,781700,784600,714443
20080118 10:00,784900,814600,775100,792700,1305226
20080118 11:00,792400,797500,725400,725400,1423090
20080118 12:00,725300,770000,724300,758600,928423
20080118 13:00,759000,768000,741700,762000,465932
20080118 14:00,761800,771300,744100,756000,793519
20080118 15:00,756000,760500,742700,747500,1008946
20080122 09:00,667200,707000,655000,689500,1084922
20080122 10:00,690200,750000,689500,736700,1180189
20080122 11:00,736700,770200,716000,726900,798732
20080122 12:00,727000,741500,718600,737100,339806
20080122 13:00,737500,762300,736300,742700,493346
20080122 14:00,741500,760200,733000,755700,556334
20080122 15:00,755600,790800,753800,779200,1362760
20080123 09:00,755500,764200,727700,753600,782195
20080123 10:00,756400,760900,720500,737100,1211432
20080123 11:00,737900,740100,697400,705000,1050713
20080123 12:00,704800,713900,680000,682700,1205309
20080123 13:00,682700,695300,650600,663900,1835467
20080123 14:00,664100,709900,662800,685600,1566468
20080123 15:00,685500,742500,685300,742500,1952520
20080124 09:00,658300,680000,621500,654900,2568170
20080124 10:00,654800,662000,602500,606100,2484169
20080124 11:00,606100,654500,603000,642200,1715051
20080124 12:00,641100,651500,632200,647300,1143245
20080124 13:00,647500,660000,635000,649800,1476657
20080124 14:00,649100,703300,638600,679000,4157466
20080124 15:00,678800,720000,668500,692100,3740466
20080125 09:00,758900,769300,735600,747400,1962008
20080125 10:00,747400,761800,730500,731600,1878220
20080125 11:00,731500,760000,730100,759800,1012827
20080125 12:00,759900,759900,725600,736700,635052
20080125 13:00,736800,747500,726800,740000,945353
20080125 14:00,737600,753300,729400,736400,772533
20080125 15:00,736900,744800,723200,732900,1262925
20080128 09:00,748400,755800,720100,746700,752589
20080128 10:00,746400,749000,730000,736900,1205926
20080128 11:00,736900,744600,732500,736200,559267
20080128 12:00,736500,739400,727400,734100,482602
20080128 13:00,734000,738300,725000,725300,511640
20080128 14:00,725800,732700,716600,717200,716119
20080128 15:00,717500,725000,705700,722000,848178
20080129 09:00,720200,733400,687000,694600,688615
20080129 10:00,694900,732200,691300,725300,877530
20080129 11:00,725200,750400,723400,746100,907561
20080129 12:00,746000,746000,721000,729300,475291
20080129 13:00,728600,739200,723000,735700,402782
20080129 14:00,735100,753400,731900,750700,577056
20080129 15:00,750700,754200,742700,746000,1029576
20080130 09:00,736300,745500,721700,730300,392285
20080130 10:00,730900,733200,709200,712300,711615
20080130 11:00,712600,715300,700900,706100,463049
20080130 12:00,705600,709400,705000,706500,245551
20080130 13:00,706500,711200,690500,693400,665263
20080130 14:00,693300,724800,692900,722700,1206338
20080130 15:00,723100,730000,700000,703000,917669
20080131 09:00,690100,692500,668300,687100,511199
20080131 10:00,687500,689300,673500,679700,615609
20080131 11:00,680000,707300,679500,699800,570010
20080131 12:00,699000,700700,687300,694000,385167
20080131 13:00,694300,699200,687500,687500,391774
20080131 14:00,687700,694300,682100,691000,542958
20080131 15:00,690500,696000,685800,690900,714048
20080201 09:00,697500,712900,691200,711200,434358
20080201 10:00,712200,727500,690000,690300,864188
20080201 11:00,691900,704300,690100,699700,445185
20080201 12:00,700200,705000,695900,699400,459243
20080201 13:00,699400,717400,699400,711400,466092
20080201 14:00,711400,724800,709500,724800,499392
20080201 15:00,724800,737300,724600,731400,706293
20080204 09:00,736600,749800,728200,738000,434472
20080204 10:00,738800,765000,734100,764100,1078837
20080204 11:00,763600,774900,762500,767800,589302
20080204 12:00,768300,772400,762000,769900,413214
20080204 13:00,770700,776400,765600,774600,575808
20080204 14:00,775000,782500,764300,765900,621429
20080204 15:00,765900,769700,758900,760000,602084
20080205 09:00,748300,748800,718100,738500,787040
20080205 10:00,738800,740000,721200,731000,1168236
20080205 11:00,730200,738300,726500,728800,697526
20080205 12:00,729000,729400,709100,709500,506627
20080205 13:00,709800,712000,675000,678200,970260
20080205 14:00,678900,690000,666900,678900,1178187
20080205 15:00,679100,681700,665000,666400,1165297
20080206 09:00,670500,684100,651100,679200,817852
20080206 10:00,680100,691800,662400,677000,801902
20080206 11:00,677000,679700,670200,677500,373497
20080206 12:00,677500,679600,666000,667700,212428
20080206 13:00,667600,668500,646900,647500,451071
20080206 14:00,647400,649500,621500,626600,1171270
20080206 15:00,626500,629300,600600,602800,1300140
20080207 09:00,593900,605100,554500,567600,1618388
20080207 10:00,567500,643000,567500,630200,3081428
20080207 11:00,629700,650900,621900,647500,1311366
20080207 12:00,647500,648700,628000,645900,686873
20080207 13:00,646200,654900,635300,654300,467669
20080207 14:00,654100,659000,626400,632000,856146
20080207 15:00,631600,637600,616100,633900,1085348
20080208 09:00,631000,636500,616200,633000,680396
20080208 10:00,632000,660600,626500,651900,1702122
20080208 11:00,651600,666800,647600,652400,848604
20080208 12:00,652700,659900,649300,658900,492401
20080208 13:00,659600,660000,642400,646500,741736
20080208 14:00,646900,657900,642100,650500,537789
20080208 15:00,650500,666000,644500,663700,980851
20080211 09:00,699300,709200,686000,706100,1050169
20080211 10:00,706000,714500,696000,709000,1319078
20080211 11:00,709000,724600,705600,719700,1101223
20080211 12:00,719700,744700,717900,741700,740839
20080211 13:00,742200,749900,738500,745400,885485
20080211 14:00,744800,748300,729100,739800,822157
20080211 15:00,740200,750000,733000,735800,1196305
20080212 09:00,750000,780100,749200,768100,1299639
20080212 10:00,768100,778900,747200,763600,1268006
20080212 11:00,762800,762800,740600,742600,638404
20080212 12:00,742200,747400,725600,732400,754050
20080212 13:00,733000,739900,727000,737000,352822
20080212 14:00,737000,738000,717300,722600,526671
20080212 15:00,722700,724800,703300,713000,866065
20080213 09:00,785000,787500,753300,760700,1309633
20080213 10:00,760900,782100,757100,771700,1304301
20080213 11:00,771700,787500,771700,777500,803666
20080213 12:00,776100,793500,775600,791700,527860
20080213 13:00,792200,798900,785800,789000,553089
20080213 14:00,788500,799600,782500,797900,578039
20080213 15:00,797400,804800,793500,801200,1069879
20080214 09:00,835500,842900,815200,837800,1290043
20080214 10:00,837400,859400,815600,819000,2051195
20080214 11:00,818800,822900,801100,808500,1012134
20080214 12:00,808800,823600,803000,811300,648131
20080214 13:00,811100,814600,795700,804400,557656
20080214 14:00,804500,813600,797500,801200,692398
20080214 15:00,801600,808700,797900,806700,776675
20080215 09:00,793000,801600,776200,777900,638353
20080215 10:00,777700,787300,771700,774000,709208
20080215 11:00,774000,777000,767000,771500,469435
20080215 12:00,771500,777700,765200,769500,383079
20080215 13:00,769100,777700,765000,773100,219433
20080215 14:00,772900,778300,771400,777800,206270
20080215 15:00,777600,804000,774600,794400,810999
20080219 09:00,817900,823800,795000,797100,749252
20080219 10:00,797000,807400,793300,798600,683324
20080219 11:00,798700,800700,788500,794000,410885
20080219 12:00,794000,800000,790700,796300,332984
20080219 13:00,796300,797200,775000,778200,506317
20080219 14:00,778300,783900,757500,760000,609485
20080219 15:00,760000,764800,751500,758900,957357
20080220 09:00,712800,723400,697300,708100,1085071
20080220 10:00,708100,719700,702000,706000,1071999
20080220 11:00,705700,718800,701200,715200,697924
20080220 12:00,715400,731900,713400,725200,869989
20080220 13:00,725100,734000,722000,729000,657696
20080220 14:00,729000,733400,720200,730500,728103
20080220 15:00,730700,736000,716600,729800,1629696
20080221 09:00,732300,736500,723600,728200,377561
20080221 10:00,728200,728200,704400,710100,850881
20080221 11:00,710200,718500,707800,712700,312860
20080221 12:00,712400,715100,704500,707900,344630
20080221 13:00,708400,708400,696600,703800,515532
20080221 14:00,703500,711100,699200,700000,529388
20080221 15:00,700000,703000,692500,696700,842693
20080222 09:00,694900,711600,694100,700300,362437
20080222 10:00,700800,701700,679100,684100,700867
20080222 11:00,683800,690000,681400,686300,330545
20080222 12:00,686200,689700,678000,686600,400871
20080222 13:00,686700,688700,683300,685400,159319
20080222 14:00,684000,685700,676500,677500,254473
20080222 15:00,677700,697400,670700,695000,766510
20080225 09:00,685000,692500,673800,686100,293055
20080225 10:00,686600,711600,683700,705600,505938
20080225 11:00,705800,707600,685000,685400,312891
20080225 12:00,684900,686000,675900,682100,348698
20080225 13:00,681600,685000,677600,680800,215485
20080225 14:00,680800,687500,675500,683200,606210
20080225 15:00,683300,699700,680000,692000,631309
20080226 09:00,690000,695000,677200,680200,237576
20080226 10:00,680000,680200,650900,659900,1228112
20080226 11:00,660000,684200,656700,683000,956245
20080226 12:00,683300,696800,682200,696600,686458
20080226 13:00,696500,703300,689000,692800,560213
20080226 14:00,693000,720500,690400,717400,759570
20080226 15:00,716600,716600,695100,706700,753108
20080227 09:00,688000,699800,682000,692600,222499
20080227 10:00,692200,712200,689300,702900,530878
20080227 11:00,702900,711000,700100,707500,298523
20080227 12:00,707500,711000,698200,708500,311596
20080227 13:00,709300,719000,702400,702800,325876
20080227 14:00,701900,701900,675000,689500,723824
20080227 15:00,688400,693500,682300,685900,392547
20080228 09:00,686100,700200,679300,686600,279327
20080228 10:00,687300,691100,677200,680000,524171
20080228 11:00,679800,682100,670100,676400,379480
20080228 12:00,676300,676700,670200,670400,300587
20080228 13:00,670200,672600,666100,672300,255676
20080228 14:00,672400,678700,667700,673500,407201
20080228 15:00,673100,674700,660800,661800,432235
20080229 09:00,658200,679400,650000,671400,511001
20080229 10:00,671200,674500,641700,651100,587416
20080229 11:00,650100,656200,646700,651900,278560
20080229 12:00,652500,656000,648500,653000,203704
20080229 13:00,653300,655500,645500,646100,215647
20080229 14:00,646100,652600,645100,650900,354178
20080229 15:00,650200,658000,649000,657200,667657
20080303 09:00,646500,659200,640700,654700,440696
20080303 10:00,654500,676000,650600,656100,702093
20080303 11:00,656000,671400,652800,670000,234168
20080303 12:00,670000,670700,660800,664300,126030
20080303 13:00,664300,665700,659400,660300,109446
20080303 14:00,660400,662400,656400,657400,362932
20080303 15:00,657500,671000,656600,665800,469163
20080304 09:00,673500,684200,666200,681800,293255
20080304 10:00,682700,685000,655000,655500,384101
20080304 11:00,655600,660000,650800,655400,233149
20080304 12:00,655200,660000,653300,659000,128849
20080304 13:00,658600,667000,655700,659600,160703
20080304 14:00,659000,669700,652600,666100,353238
20080304 15:00,667700,678100,657800,663900,566000
20080305 09:00,672000,679100,665600,675200,225271
20080305 10:00,674900,681100,667300,676800,432613
20080305 11:00,675500,689800,675400,686000,289648
20080305 12:00,685300,700000,683200,688300,345589
20080305 13:00,688900,691700,670300,680000,291605
20080305 14:00,680800,687800,676600,687000,167023
20080305 15:00,687700,705000,687000,703000,781198
20080306 09:00,707000,709000,677600,679700,387611
20080306 10:00,679700,687000,670000,681700,359180
20080306 11:00,681800,683800,662000,666100,352431
20080306 12:00,666200,666900,657500,660100,282097
20080306 13:00,660600,662600,652900,659900,215506
20080306 14:00,660000,662700,650900,651900,240958
20080306 15:00,651400,653100,634600,635300,727380
20080307 09:00,619600,631000,602800,627700,427868
20080307 10:00,627700,631600,618500,626900,357663
20080307 11:00,624200,626200,606500,609400,307065
20080307 12:00,608900,609600,600100,605200,341504
20080307 13:00,605200,609800,586200,588500,452768
20080307 14:00,588400,598400,585300,597700,472676
20080307 15:00,598000,613200,597500,600000,782206
20080310 09:00,593700,604600,590200,599900,273994
20080310 10:00,598000,612000,596500,607000,417832
20080310 11:00,606200,608600,591600,592800,327745
20080310 12:00,592500,593500,573300,578300,563682
20080310 13:00,579000,585300,576000,581200,338781
20080310 14:00,580700,580800,567600,569400,622191
20080310 15:00,569700,573200,557700,561100,955078
20080311 09:00,586000,626700,574700,583600,649475
20080311 10:00,583600,606800,580600,595600,574991
20080311 11:00,595800,595900,575500,579900,319440
20080311 12:00,579100,583300,570000,572700,534363
20080311 13:00,572700,579400,566400,577800,426491
20080311 14:00,577900,595900,573900,594600,447435
20080311 15:00,594600,600000,588600,596300,698859
20080312 09:00,628700,629400,603900,614500,517193
20080312 10:00,614800,623000,606200,617900,605697
20080312 11:00,617900,637900,616400,634100,501586
20080312 12:00,634300,638800,627000,628100,417680
20080312 13:00,628100,633100,619100,624200,342842
20080312 14:00,624000,637200,616800,635700,386421
20080312 15:00,635900,635900,613900,624000,475296
20080313 09:00,610000,610000,587900,593000,374638
20080313 10:00,592700,600000,584000,586400,379925
20080313 11:00,586700,625700,582000,623100,586391
20080313 12:00,623600,637900,616000,626500,521730
20080313 13:00,627000,647500,627000,642200,454542
20080313 14:00,642300,651800,633300,637000,464267
20080313 15:00,637400,648800,632700,643400,402559
20080314 09:00,653100,654800,619800,620300,314921
20080314 10:00,620900,625000,605700,620500,496082
20080314 11:00,620800,623900,611500,621300,290914
20080314 12:00,620400,621700,605600,607100,293067
20080314 13:00,607100,609700,600100,604500,293910
20080314 14:00,603800,605100,592000,599000,466956
20080314 15:00,599600,614500,597700,607800,351265
20080317 09:00,571500,594000,570000,580900,344420
20080317 10:00,580700,593900,580300,586300,414036
20080317 11:00,586700,587600,559500,561000,418809
20080317 12:00,559400,560100,532200,547000,730218
20080317 13:00,547000,550800,535000,547100,410192
20080317 14:00,547200,554700,543200,552300,431756
20080317 15:00,552400,559300,544300,549500,892652
20080318 09:00,566200,577500,560000,567400,271072
20080318 10:00,568800,579000,567300,575100,456706
20080318 11:00,575300,585000,568300,570800,488030
20080318 12:00,570300,581000,568300,580000,245273
20080318 13:00,579600,591700,579600,588300,313674
20080318 14:00,588200,590700,571500,590700,516963
20080318 15:00,590400,610500,588800,609900,612169
20080319 09:00,614800,629500,601200,601500,445221
20080319 10:00,601100,609800,582800,598000,586684
20080319 11:00,598000,614700,597300,605800,457686
20080319 12:00,604600,605600,585900,594300,263714
20080319 13:00,594200,597200,577300,580900,479349
20080319 14:00,581700,585500,575300,582600,251312
20080319 15:00,582400,586900,575500,576700,348302
20080320 09:00,596700,598500,572800,576100,242601
20080320 10:00,576400,590900,572500,585900,383119
20080320 11:00,586000,597500,583000,585900,305128
20080320 12:00,586000,598100,583900,592500,363832
20080320 13:00,592200,599500,591500,597900,202649
20080320 14:00,597900,608900,596500,608500,386255
20080320 15:00,607800,618700,606100,612900,650825
20080324 09:00,618400,644000,613500,638100,295949
20080324 10:00,638700,668500,638200,659500,577433
20080324 11:00,659600,662700,648900,657400,343189
20080324 12:00,655900,681900,655300,680100,420568
20080324 13:00,678700,688500,672900,686800,360002
20080324 14:00,686500,689500,675000,677400,399993
20080324 15:00,676900,683900,675000,679900,479883
20080325 09:00,680300,718400,670200,703700,720540
20080325 10:00,703700,708600,691000,705600,626556
20080325 11:00,705300,716100,701800,712200,577128
20080325 12:00,712200,721600,707100,715000,539746
20080325 13:00,715200,729000,711600,727500,449666
20080325 14:00,727000,731700,716700,723700,457671
20080325 15:00,724800,727400,710600,717500,691189
20080326 09:00,712800,723300,702800,722000,352192
20080326 10:00,721900,727000,700000,712500,397062
20080326 11:00,712500,721900,703600,719300,519949
20080326 12:00,719800,720400,706100,711900,243286
20080326 13:00,711100,712300,702600,707700,70763
20080326 14:00,707700,718400,705400,718400,147382
20080326 15:00,718500,723500,715100,716900,453958
20080327 09:00,737100,753500,728500,748400,807058
20080327 10:00,748900,769800,742400,767800,1021624
20080327 11:00,767800,778100,762600,773300,618851
20080327 12:00,772700,775700,764100,768600,400990
20080327 13:00,768200,771100,740800,741600,479958
20080327 14:00,741700,757800,741400,751500,391959
20080327 15:00,750600,752700,731700,732100,573408
20080328 09:00,752200,760000,744900,755500,275411
20080328 10:00,755100,776000,750700,761700,564563
20080328 11:00,761700,778000,746300,755100,582588
20080328 12:00,755700,756400,740500,747700,325177
20080328 13:00,746900,747900,735600,739500,200424
20080328 14:00,739400,742200,730000,737500,312929
20080328 15:00,737000,739300,725800,736300,526971
20080331 09:00,731000,750000,726500,740900,288433
20080331 10:00,739000,748100,728500,745600,424432
20080331 11:00,745400,761000,745400,751600,479116
20080331 12:00,750500,753400,741300,753000,208348
20080331 13:00,753000,754200,747200,748300,133335
20080331 14:00,748200,749400,736200,740900,169762
20080331 15:00,740400,747000,736600,745100,344184
20080401 09:00,757900,775900,750700,761100,396698
20080401 10:00,762000,768900,752300,764500,342726
20080401 11:00,764400,773700,763300,773500,249111
20080401 12:00,773500,783000,771600,781000,407412
20080401 13:00,781600,794000,777700,778400,465316
20080401 14:00,778400,779400,768600,778000,425384
20080401 15:00,777000,780000,763000,773100,749363
20080402 09:00,788100,797900,782500,789200,427885
20080402 10:00,789600,818100,786200,815700,787035
20080402 11:00,816000,822300,806900,809500,531161
20080402 12:00,809500,814600,800000,801600,477499
20080402 13:00,801600,816200,798700,815400,461173
20080402 14:00,815300,820000,803000,806200,425539
20080402 15:00,806500,821900,801000,818100,867537
20080403 09:00,812000,854600,811800,837700,1011158
20080403 10:00,837900,843000,796900,801500,764817
20080403 11:00,800900,809800,800000,806600,435818
20080403 12:00,806600,816500,800600,814400,287260
20080403 13:00,814400,824000,812500,815700,371435
20080403 14:00,815600,827800,811700,827800,257397
20080403 15:00,827700,827700,815900,820100,335952
20080404 09:00,823200,847800,821700,845400,481940
20080404 10:00,845400,868900,839100,867900,1143121
20080404 11:00,868300,912000,867700,892600,1526550
20080404 12:00,892300,907800,882000,897800,679137
20080404 13:00,897600,902900,880600,883800,506344
20080404 14:00,884300,899400,875500,895300,734953
20080404 15:00,895100,905000,889000,904000,1046762
20080407 09:00,938900,943200,917200,929700,837476
20080407 10:00,929400,932100,896500,905500,1051524
20080407 11:00,906100,906100,885600,900100,465431
20080407 12:00,899800,902200,880400,889800,544068
20080407 13:00,890000,890400,868000,871700,488991
20080407 14:00,871700,875300,855300,858500,455557
20080407 15:00,858000,868900,844100,864400,783961
20080408 09:00,853500,892500,840600,888600,717054
20080408 10:00,888400,905900,874200,894300,823090
20080408 11:00,894300,894300,873100,873400,377282
20080408 12:00,873800,886800,871600,879000,235444
20080408 13:00,879500,886100,875100,883000,200140
20080408 14:00,882400,892900,873900,887700,330251
20080408 15:00,887200,899900,881700,899500,536117
20080409 09:00,910800,924500,900500,904800,425374
20080409 10:00,907100,922800,900800,917500,586190
20080409 11:00,917000,918000,898500,904700,308060
20080409 12:00,904700,905500,889000,889100,435398
20080409 13:00,889400,903300,887200,901000,352848
20080409 14:00,901400,902300,884000,890000,284949
20080409 15:00,889900,901000,887200,894200,334955
20080410 09:00,878500,892500,866700,870900,347804
20080410 10:00,871000,888700,852500,886800,726067
20080410 11:00,886700,899700,881600,898800,352299
20080410 12:00,899000,899600,883300,884000,205359
20080410 13:00,884400,889100,877700,883200,190619
20080410 14:00,882700,885000,873900,880800,333599
20080410 15:00,881100,882700,858000,871900,514203
20080411 09:00,850000,897000,847000,892600,614140
20080411 10:00,892200,910000,872000,906000,953483
20080411 11:00,905200,905200,885900,892700,590543
20080411 12:00,891900,891900,870400,887400,503059
20080411 13:00,887400,887600,870000,876100,243613
20080411 14:00,875400,882500,866100,877800,247795
20080411 15:00,877800,883500,870200,877600,511462
20080414 09:00,869300,911100,869200,903900,423734
20080414 10:00,903000,909700,881400,886400,489728
20080414 11:00,886000,898000,872800,882500,291764
20080414 12:00,883000,891000,880000,886700,230915
20080414 13:00,886600,888000,875400,877500,206038
20080414 14:00,877400,883500,871100,871900,229162
20080414 15:00,872000,876900,867100,875800,330488
20080415 09:00,904000,906900,885000,885000,410368
20080415 10:00,884300,894600,874600,889000,506830
20080415 11:00,889000,893200,877100,877800,388965
20080415 12:00,877500,896500,877300,891500,300978
20080415 13:00,892200,909900,891500,905800,354888
20080415 14:00,905500,925000,905400,913400,858846
20080415 15:00,912800,946900,912200,944200,1204598
20080416 09:00,967900,980800,952200,967000,1105126
20080416 10:00,967100,994400,957300,992100,1325456
20080416 11:00,991700,999900,976900,977800,891939
20080416 12:00,979100,988100,972000,976600,451189
20080416 13:00,976600,984900,968700,971300,684667
20080416 14:00,971700,978600,953500,977800,891518
20080416 15:00,977900,1000000,970400,995800,1137229
20080417 09:00,944900,988000,935100,979000,1825824
20080417 10:00,979900,980800,953500,969900,1776151
20080417 11:00,969900,982500,953200,955400,960129
20080417 12:00,955400,961900,945600,947000,406332
20080417 13:00,948000,950700,934200,942300,499596
20080417 14:00,943300,943500,841600,874000,3788003
20080417 15:00,873400,898800,857200,868000,2406413
20080418 09:00,896300,897400,864800,886000,922068
20080418 10:00,886400,927800,885700,919300,1245717
20080418 11:00,919100,943300,910000,935200,1102509
20080418 12:00,934200,937400,914000,917500,548814
20080418 13:00,918700,930000,908000,911300,427251
20080418 14:00,911500,914900,901600,904400,734006
20080418 15:00,904400,904800,886900,893300,755929
20080421 09:00,922000,928000,905000,922600,381086
20080421 10:00,921300,921300,901100,907000,484836
20080421 11:00,906300,917700,899200,917200,306359
20080421 12:00,916400,935000,914500,935000,344105
20080421 13:00,933900,936900,923600,926400,368642
20080421 14:00,926500,936200,921100,928100,380628
20080421 15:00,928900,938400,926100,935000,523084
20080422 09:00,950000,952700,916000,917600,535656
20080422 10:00,919200,929300,912400,925000,425256
20080422 11:00,925600,950000,925600,931800,569211
20080422 12:00,931000,931500,898700,901300,467995
20080422 13:00,901400,913700,901400,904400,295285
20080422 14:00,904600,905400,890800,892500,398759
20080422 15:00,892500,901300,888700,898900,628926
20080423 09:00,916000,924500,908100,922600,379597
20080423 10:00,922600,928400,900700,921600,570577
20080423 11:00,921600,926200,912800,912800,348668
20080423 12:00,912900,915800,897700,898200,305303
20080423 13:00,900500,901900,892000,901300,488194
20080423 14:00,901500,901500,893600,896900,332923
20080423 15:00,896800,906300,891700,897900,431743
20080424 09:00,905000,909900,880300,883200,178539
20080424 10:00,882200,883700,837500,854600,863485
20080424 11:00,856100,880300,851400,874600,358131
20080424 12:00,875200,884600,872000,872200,166663
20080424 13:00,872500,882000,871900,879100,212898
20080424 14:00,878500,886300,876400,882300,174123
20080424 15:00,881900,885000,872200,883600,336844
20080425 09:00,880000,888700,855700,859800,265719
20080425 10:00,859800,863800,853400,861000,450109
20080425 11:00,861500,863800,851500,857400,259703
20080425 12:00,857900,860000,855000,856500,135618
20080425 13:00,856400,859400,850000,854100,168589
20080425 14:00,854000,857100,849100,856200,325425
20080425 15:00,856700,862900,853100,862900,917306
20080428 09:00,863000,875400,857800,873100,201262
20080428 10:00,873000,873000,861800,866800,282181
20080428 11:00,867000,880500,862700,877700,245675
20080428 12:00,878000,888700,876800,879500,191322
20080428 13:00,879500,887900,875300,877900,172241
20080428 14:00,877500,881000,876400,879800,100863
20080428 15:00,880000,882500,868100,871500,240186
20080429 09:00,862900,871400,852600,856400,191786
20080429 10:00,855800,858900,842300,844000,288345
20080429 11:00,844000,845300,825000,829500,481011
20080429 12:00,828900,841400,828900,841000,123439
20080429 13:00,841000,856200,839500,853700,175206
20080429 14:00,854300,867700,852800,866000,212927
20080429 15:00,865700,876600,858300,874600,633869
20080430 09:00,895400,915000,890000,910000,497363
20080430 10:00,909100,914700,899200,903200,530725
20080430 11:00,903000,908900,886600,889800,463387
20080430 12:00,889600,894700,878000,889100,294404
20080430 13:00,888300,890400,881600,884700,248700
20080430 14:00,884500,889400,871500,871700,324151
20080430 15:00,871200,877400,849600,872700,518191
20080501 09:00,870000,874800,855000,863000,177146
20080501 10:00,864100,873200,840700,840700,469241
20080501 11:00,840800,841200,813000,816300,721361
20080501 12:00,816300,823400,810400,811500,640732
20080501 13:00,812400,812600,801800,807700,556048
20080501 14:00,807000,839000,805200,823000,657448
20080501 15:00,823000,832700,819900,823000,638090
20080502 09:00,835200,840000,816700,822900,353267
20080502 10:00,823300,828300,813300,822000,454598
20080502 11:00,822200,837300,819000,834800,309296
20080502 12:00,834200,834200,823800,827500,180059
20080502 13:00,827100,827100,817700,819300,161101
20080502 14:00,819200,820600,810000,811900,256803
20080502 15:00,811500,821000,806000,821000,739918
20080505 09:00,820900,823400,787400,789500,441226
20080505 10:00,788900,799300,779500,786500,691632
20080505 11:00,787800,805800,786500,797900,357146
20080505 12:00,797500,799800,793000,795800,145705
20080505 13:00,795800,796200,783400,785600,199108
20080505 14:00,785500,794900,783200,791300,173798
20080505 15:00,791400,804800,791400,801000,354032
20080506 09:00,795500,823200,785400,818600,391241
20080506 10:00,818400,846700,817700,843400,765529
20080506 11:00,843200,848200,836900,848200,371984
20080506 12:00,848200,864900,848200,858000,497144
20080506 13:00,859000,860000,851000,853900,308794
20080506 14:00,853900,858600,846100,857100,293107
20080506 15:00,857100,861800,850000,854000,649564
20080507 09:00,862100,867000,845700,848900,385190
20080507 10:00,848500,854000,840500,841800,356792
20080507 11:00,842400,846000,824700,832000,375679
20080507 12:00,832300,841500,830500,841200,194027
20080507 13:00,841100,842100,834000,834900,132780
20080507 14:00,834800,835100,825000,829300,160075
20080507 15:00,829700,835500,825000,834500,367298
20080508 09:00,831100,834100,820700,822100,246206
20080508 10:00,821100,822000,806200,813500,385475
20080508 11:00,813800,821000,811900,814000,241047
20080508 12:00,814200,817000,808600,814000,123984
20080508 13:00,813900,825900,811000,825100,110087
20080508 14:00,825800,825800,814500,816500,142573
20080508 15:00,816500,837000,815000,836800,446371
20080509 09:00,826600,848200,826600,831000,350991
20080509 10:00,830800,834800,825300,830000,310547
20080509 11:00,830300,831800,818700,825000,261391
20080509 12:00,825100,830000,815500,819400,166577
20080509 13:00,819200,819200,812700,813000,141083
20080509 14:00,813600,819400,811000,817000,257620
20080509 15:00,816900,831100,816900,823000,363472
20080512 09:00,840000,842100,813300,817000,205406
20080512 10:00,817700,836200,806000,835200,300070
20080512 11:00,835300,844400,828700,841000,388373
20080512 12:00,840700,840800,830900,835700,106075
20080512 13:00,835300,841800,831200,839100,176217
20080512 14:00,839400,850300,839000,849300,294009
20080512 15:00,849600,850000,840100,844000,379671
20080513 09:00,864800,866000,847500,859500,420458
20080513 10:00,859100,874500,853200,869800,651342
20080513 11:00,869900,870000,855100,867500,387116
20080513 12:00,867400,873000,856400,872800,258278
20080513 13:00,872800,891600,870600,890500,587786
20080513 14:00,890300,895600,882900,891400,489130
20080513 15:00,891100,895400,887700,890000,1178950
20080514 09:00,915000,937100,903000,936000,918543
20080514 10:00,936000,956400,933300,954700,1099861
20080514 11:00,954700,960800,944000,953900,498359
20080514 12:00,953000,962000,953000,958200,335027
20080514 13:00,958100,963800,941700,942000,469139
20080514 14:00,941700,944900,931800,932800,362808
20080514 15:00,932200,938100,913300,923600,627308
20080515 09:00,930000,957000,924800,953500,332814
20080515 10:00,953500,955000,918900,923700,539774
20080515 11:00,923600,927000,901400,914000,434177
20080515 12:00,914300,917200,906800,911300,213542
20080515 13:00,911000,913000,905600,913000,131265
20080515 14:00,913100,920000,911200,919300,158240
20080515 15:00,919000,926600,915100,924800,413348
20080516 09:00,930100,940300,927100,931900,269172
20080516 10:00,931400,933400,921300,924500,344446
20080516 11:00,924700,933400,920000,930900,239729
20080516 12:00,930800,933900,927900,930900,125155
20080516 13:00,931000,931000,917000,921000,132873
20080516 14:00,920200,922700,917700,919900,176134
20080516 15:00,919700,935500,918300,935000,411691
20080519 09:00,934500,967300,934500,952400,454018
20080519 10:00,953100,958100,941600,949300,337895
20080519 11:00,948200,951700,940100,950400,308895
20080519 12:00,950400,954800,938400,941500,252556
20080519 13:00,942200,949600,923100,924800,408095
20080519 14:00,925000,926900,893300,898000,753446
20080519 15:00,898500,901000,883300,896200,711299
20080520 09:00,895000,897200,863200,878100,465821
20080520 10:00,876100,890500,871800,888100,635183
20080520 11:00,887600,894000,881600,884300,171796
20080520 12:00,884400,889700,882800,888300,100136
20080520 13:00,888400,893800,874100,874300,200196
20080520 14:00,875000,882800,873800,874800,144980
20080520 15:00,874700,890000,872700,883700,875939
20080521 09:00,893300,895300,874700,875500,251039
20080521 10:00,875500,881100,871000,876700,318848
20080521 11:00,876800,879200,871600,873000,206029
20080521 12:00,873000,876700,868300,876300,141280
20080521 13:00,876000,876000,870700,872100,128689
20080521 14:00,870500,872600,841800,850700,459318
20080521 15:00,850300,854100,836600,853300,516330
20080522 09:00,860000,869800,840600,844000,286707
20080522 10:00,844000,852600,835500,847700,363284
20080522 11:00,846800,847600,830300,831800,206901
20080522 12:00,831900,833300,826300,831100,192533
20080522 13:00,831200,834900,825000,831500,212942
20080522 14:00,830400,834900,825900,832700,164264
20080522 15:00,834000,834600,823500,826400,496512
20080523 09:00,832000,854000,831000,850000,314811
20080523 10:00,850900,859700,840400,849600,365691
20080523 11:00,849600,850400,829800,833900,281324
20080523 12:00,834400,839900,828100,829300,169072
20080523 13:00,828800,837400,827500,833700,178655
20080523 14:00,833000,849200,832600,843900,219953
20080523 15:00,843800,853200,841300,851900,234110
20080527 09:00,846700,851000,823100,823800,241781
20080527 10:00,823200,825700,807800,814500,713159
20080527 11:00,814800,815700,796600,799800,541032
20080527 12:00,799700,807200,799200,804400,349672
20080527 13:00,805000,818000,802600,817500,295683
20080527 14:00,818300,821000,813000,816000,204834
20080527 15:00,816000,825800,812400,825200,400232
20080528 09:00,818100,819700,787000,793100,584600
20080528 10:00,792900,804900,788300,800100,531758
20080528 11:00,799300,813500,797100,812100,351946
20080528 12:00,812500,813000,803100,807700,204107
20080528 13:00,807500,827000,807500,826500,301971
20080528 14:00,826900,839700,823900,836500,368978
20080528 15:00,837100,842300,829300,830000,448352
20080529 09:00,798000,800000,775700,780000,837403
20080529 10:00,780100,787600,770700,779400,939364
20080529 11:00,779400,784800,774600,774800,301123
20080529 12:00,775000,782000,770500,778700,402410
20080529 13:00,778800,781600,773000,773000,246098
20080529 14:00,773300,775300,766800,766900,452757
20080529 15:00,766900,772000,751600,760000,988049
20080530 09:00,797000,824300,797000,822500,1161742
20080530 10:00,822100,831500,815700,818300,763532
20080530 11:00,817800,817800,805400,811700,522310
20080530 12:00,812100,819200,809400,818400,292641
20080530 13:00,818000,818200,808600,812000,291773
20080530 14:00,811800,812500,803400,807000,416213
20080530 15:00,807000,819000,800100,819000,706209
20080602 09:00,810600,829500,796300,802700,377864
20080602 10:00,803100,804000,787800,794700,447953
20080602 11:00,794700,804200,792300,799200,345866
20080602 12:00,799200,800200,785200,788400,246386
20080602 13:00,788200,791000,786000,789800,165916
20080602 14:00,789800,791600,767600,773200,616626
20080602 15:00,772500,799400,771800,798500,931673
20080603 09:00,789200,802600,780300,799300,398422
20080603 10:00,799900,811200,799100,809000,321647
20080603 11:00,809100,810800,796500,799000,406621
20080603 12:00,798700,812500,789500,811400,505279
20080603 13:00,811400,812300,786400,790300,303666
20080603 14:00,789900,789900,770900,783200,490698
20080603 15:00,782700,798500,777700,792000,540695
20080604 09:00,784900,797700,783000,788200,283430
20080604 10:00,788200,790900,769500,779200,585747
20080604 11:00,779500,788900,779200,783600,259029
20080604 12:00,783600,788500,783000,785600,128811
20080604 13:00,786000,794600,784000,784900,251256
20080604 14:00,784900,785700,772500,783300,390973
20080604 15:00,782700,793500,776700,785200,737578
20080605 09:00,792600,800100,791000,795400,227449
20080605 10:00,796200,803600,787500,792400,409053
20080605 11:00,792700,802100,791900,801200,333522
20080605 12:00,801000,817500,800600,817300,318608
20080605 13:00,817500,817500,809100,809700,218261
20080605 14:00,809700,812500,800400,811500,409238
20080605 15:00,811400,812100,795500,796900,574088
20080606 09:00,793100,837800,792900,832500,584699
20080606 10:00,831300,832500,806600,816200,584331
20080606 11:00,816300,817200,801400,809800,318917
20080606 12:00,810100,813000,805600,809700,196211
20080606 13:00,809300,809800,802500,808000,184173
20080606 14:00,808100,809000,793400,795800,264281
20080606 15:00,795400,806600,789000,793300,358513
20080609 09:00,800500,803300,767700,769600,355629
20080609 10:00,768900,780500,768900,770000,418708
20080609 11:00,769700,770900,762700,770500,209022
20080609 12:00,770400,771400,766400,770000,128083
20080609 13:00,769900,770200,748900,752700,341492
20080609 14:00,753300,764700,749200,760000,338242
20080609 15:00,760100,771300,754200,766800,356860
20080610 09:00,747500,747500,729900,733700,400174
20080610 10:00,733500,740600,725100,738100,640180
20080610 11:00,737800,744400,733100,738000,478528
20080610 12:00,737900,741800,733000,737800,441038
20080610 13:00,737200,754900,736700,737500,581457
20080610 14:00,737500,744500,735000,742800,270147
20080610 15:00,743100,748400,728600,737600,1025356
20080611 09:00,738000,745500,731600,737500,238377
20080611 10:00,736500,742100,732500,737900,483147
20080611 11:00,737900,758200,734600,755900,492073
20080611 12:00,755700,757700,744500,747700,199523
20080611 13:00,747700,752500,746800,749500,268622
20080611 14:00,749900,758900,748600,751300,311701
20080611 15:00,751100,754500,732500,734800,546445
20080612 09:00,745900,762100,740200,753300,288009
20080612 10:00,753700,756800,747000,750700,358421
20080612 11:00,751200,753700,734400,737700,356758
20080612 12:00,737700,745300,736500,743000,217149
20080612 13:00,743300,746900,733800,736400,171940
20080612 14:00,736200,740400,729100,733000,218319
20080612 15:00,733000,733000,718200,728200,587926
20080613 09:00,730100,747700,729000,741100,260331
20080613 10:00,740800,751200,739700,750200,255445
20080613 11:00,750400,759500,749900,757900,228493
20080613 12:00,758000,760000,751900,755000,129197
20080613 13:00,755000,755100,747000,749300,144884
20080613 14:00,749000,765000,747600,764200,302379
20080613 15:00,764200,779900,758100,779900,547559
20080616 09:00,813000,831000,806700,829400,990653
20080616 10:00,829100,837500,825700,833900,648332
20080616 11:00,834400,838300,823400,834600,593251
20080616 12:00,834600,836900,828300,833300,230955
20080616 13:00,832900,839100,827700,836200,319450
20080616 14:00,835700,843800,835200,839800,366723
20080616 15:00,840200,841200,830500,834700,543311
20080617 09:00,839800,843000,828100,839700,311372
20080617 10:00,839100,841100,825000,839000,294044
20080617 11:00,839000,842200,832600,837300,297414
20080617 12:00,837100,841500,835600,840600,210571
20080617 13:00,840900,846000,839100,842900,245438
20080617 14:00,843000,843500,819100,822100,490064
20080617 15:00,822000,825600,812800,819700,645614
20080618 09:00,809800,828900,808500,811100,355662
20080618 10:00,811200,819000,794700,799200,424396
20080618 11:00,799300,836000,796800,834800,723443
20080618 12:00,834100,836000,821100,825500,443696
20080618 13:00,824900,824900,811500,815700,309757
20080618 14:00,815900,827400,813000,826200,310027
20080618 15:00,826500,848300,825000,843100,879087
20080619 09:00,836600,844400,828200,840500,242778
20080619 10:00,840200,853800,828800,851500,429560
20080619 11:00,851700,855400,838800,847100,431135
20080619 12:00,847400,850800,842400,842400,203539
20080619 13:00,842200,845100,837900,839200,188742
20080619 14:00,839200,844300,833800,841900,285270
20080619 15:00,842100,845900,836900,839300,361340
20080620 09:00,834500,840200,826200,827100,185003
20080620 10:00,826400,826400,812200,817300,263393
20080620 11:00,817100,832500,816000,829500,257121
20080620 12:00,829900,832500,824600,829000,290830
20080620 13:00,829000,831000,823400,826900,246891
20080620 14:00,826300,826300,803100,803100,395116
20080620 15:00,803600,816400,796100,813600,952452
20080623 09:00,814000,850200,814000,827800,495720
20080623 10:00,829100,844100,825600,834000,333578
20080623 11:00,834000,835500,820600,821500,215460
20080623 12:00,821500,828900,818300,827200,335456
20080623 13:00,827600,834500,823400,833300,193666
20080623 14:00,832800,837300,831400,833800,274858
20080623 15:00,833800,834000,825700,826500,371114
20080624 09:00,828300,828300,805100,812100,193093
20080624 10:00,811900,812900,796300,810500,400848
20080624 11:00,810600,817900,806300,811600,189149
20080624 12:00,811300,816600,808000,814500,202361
20080624 13:00,814400,825000,814000,824600,238683
20080624 14:00,824000,827300,809900,810900,224848
20080624 15:00,811200,821100,803700,813900,369296
20080625 09:00,815000,821700,804500,805700,126618
20080625 10:00,805600,809500,790100,791100,401134
20080625 11:00,791500,796200,785700,795600,228768
20080625 12:00,794600,800300,793000,798600,127262
20080625 13:00,798000,803900,797500,799300,75066
20080625 14:00,799200,805000,792900,804200,168994
20080625 15:00,804700,812800,795000,810000,368387
20080626 09:00,793600,801500,767800,772300,294359
20080626 10:00,773000,782200,762200,762300,327877
20080626 11:00,762300,771000,760400,769200,310104
20080626 12:00,768800,769700,759400,765300,237308
20080626 13:00,765800,769200,760400,764900,170261
20080626 14:00,764500,767700,761000,762000,200814
20080626 15:00,762600,768400,759100,761500,728928
20080627 09:00,744500,747100,716500,732200,545449
20080627 10:00,732100,732700,715800,717900,620662
20080627 11:00,717900,725800,712500,724300,454312
20080627 12:00,724200,730000,719900,721100,319776
20080627 13:00,721000,721900,707600,713800,368817
20080627 14:00,713800,725300,711600,725200,380931
20080627 15:00,725300,727900,718700,727100,961630
20080630 09:00,730200,748600,728500,728600,308654
20080630 10:00,728500,732500,720400,728500,287107
20080630 11:00,728800,733200,726100,731900,162224
20080630 12:00,731900,733200,725900,725900,112427
20080630 13:00,726000,728900,716200,716700,433208
20080630 14:00,716500,717000,710500,711000,446736
20080630 15:00,711500,721100,711100,719800,499841
20080701 09:00,679000,685200,663700,665000,718722
20080701 10:00,665200,678100,663700,673500,756850
20080701 11:00,673900,678000,667400,670000,473038
20080701 12:00,669800,670600,652500,653300,725501
20080701 13:00,653300,659700,651600,653800,474085
20080701 14:00,654000,670000,653300,666900,617840
20080701 15:00,666600,671000,658000,666500,937283
20080702 09:00,665200,674700,644300,647400,447867
20080702 10:00,647100,648400,635300,643500,473352
20080702 11:00,643700,645300,630300,631600,284878
20080702 12:00,632100,636000,628300,632400,236100
20080702 13:00,632700,647300,629600,645400,303345
20080702 14:00,645700,648800,637000,642000,437991
20080702 15:00,641600,643900,627800,628200,521021
20080703 09:00,618800,619900,600000,607900,418641
20080703 10:00,608200,639900,597500,632800,576931
20080703 11:00,633600,650000,632200,647000,447516
20080703 12:00,646800,647400,635900,640000,348014
20080703 13:00,639500,639500,639000,639000,13011
20080707 09:00,634500,679900,634500,675100,457634
20080707 10:00,675500,675500,655400,656700,290858
20080707 11:00,656700,658200,638000,638000,319225
20080707 12:00,638100,643300,630600,630600,302344
20080707 13:00,630500,635000,621100,633900,237786
20080707 14:00,634500,639300,627200,636800,342347
20080707 15:00,636800,655200,636000,648200,488632
20080708 09:00,637100,643600,621800,622200,175263
20080708 10:00,622200,625200,605900,614700,418976
20080708 11:00,614700,622100,614100,617700,276609
20080708 12:00,617500,623300,615900,621200,264227
20080708 13:00,621400,622000,611600,615700,204916
20080708 14:00,615300,627000,613900,625500,461623
20080708 15:00,625300,645000,624600,635100,609967
20080709 09:00,657500,663800,640300,645000,359081
20080709 10:00,645000,657900,643000,655000,498621
20080709 11:00,654700,656800,644400,647100,200066
20080709 12:00,647400,647400,627700,633700,196512
20080709 13:00,634200,634300,628700,633500,160160
20080709 14:00,633500,635000,620700,623300,217087
20080709 15:00,622800,624300,608800,612300,450615
20080710 09:00,655000,685400,654500,661000,943929
20080710 10:00,661100,665400,645000,659600,585938
20080710 11:00,659100,684900,657500,680100,625091
20080710 12:00,680100,695200,680100,693400,585259
20080710 13:00,693100,713800,690200,693500,683826
20080710 14:00,693600,702900,676600,684000,568628
20080710 15:00,684900,702800,680500,700600,1063851
20080711 09:00,692500,711600,692500,706700,561399
20080711 10:00,706200,717600,700400,712000,822539
20080711 11:00,712100,713300,690700,699400,508364
20080711 12:00,699100,699500,678100,683000,732717
20080711 13:00,682800,700600,680100,698400,545494
20080711 14:00,698700,714000,691700,712400,486461
20080711 15:00,712800,722900,707200,718300,681349
20080714 09:00,730000,746300,724700,725000,424279
20080714 10:00,724700,728700,715000,728700,341334
20080714 11:00,727600,729000,715100,720000,205346
20080714 12:00,720400,725300,717800,721600,217388
20080714 13:00,720900,730000,719700,730000,193096
20080714 14:00,730000,738400,729200,737700,317528
20080714 15:00,737500,743000,731700,738100,541760
20080715 09:00,729000,739300,721700,724700,445559
20080715 10:00,725000,725200,710100,721400,378863
20080715 11:00,722200,728000,715000,725700,304781
20080715 12:00,725700,748100,724700,745100,481113
20080715 13:00,745100,749600,737700,741700,254682
20080715 14:00,741700,761400,737800,759500,342373
20080715 15:00,759900,770000,752600,755200,861611
20080716 09:00,762000,802000,760100,799200,517285
20080716 10:00,799400,813800,789900,792800,652646
20080716 11:00,793800,798400,787500,792100,295970
20080716 12:00,792500,805000,791400,803600,275805
20080716 13:00,802800,806500,796000,800600,251612
20080716 14:00,800100,803800,795100,795200,453857
20080716 15:00,795000,806600,794200,806600,577894
20080717 09:00,782500,805000,765500,767900,977085
20080717 10:00,767900,772700,728000,745000,1364094
20080717 11:00,745600,762000,737000,757700,520821
20080717 12:00,757700,763600,754300,760200,387275
20080717 13:00,761200,770000,758400,763800,723777
20080717 14:00,763700,765000,744900,748400,563843
20080717 15:00,747500,756900,746300,753200,524089
20080718 09:00,772900,772900,742100,748100,492905
20080718 10:00,747800,762000,746000,755400,513616
20080718 11:00,755400,763600,753100,761500,293937
20080718 12:00,761100,764400,753100,757300,190063
20080718 13:00,757900,770000,753500,766600,261675
20080718 14:00,767000,770000,763500,768200,305528
20080718 15:00,768300,776700,759800,767000,558842
20080721 09:00,779900,779900,765800,774300,274518
20080721 10:00,774600,783500,770800,781900,438814
20080721 11:00,781400,785000,780300,782300,252497
20080721 12:00,782000,784500,778900,780500,174885
20080721 13:00,780100,790300,779100,789800,154653
20080721 14:00,790000,798500,787900,796600,261678
20080721 15:00,796600,817000,792000,809200,750213
20080722 09:00,790200,806600,774300,792200,621791
20080722 10:00,792200,794900,765400,766400,733050
20080722 11:00,766100,773000,756000,756500,367193
20080722 12:00,756200,758700,747900,752500,286473
20080722 13:00,753100,754000,746500,749400,245625
20080722 14:00,749100,768100,749000,764900,231102
20080722 15:00,764900,783900,756200,783900,644495
20080723 09:00,767600,781300,757700,763300,265799
20080723 10:00,762900,776000,755900,773500,452927
20080723 11:00,773400,778000,767000,770500,324267
20080723 12:00,770400,770400,760500,761500,235831
20080723 13:00,761000,770600,760800,769700,148058
20080723 14:00,770200,773200,765900,767500,296957
20080723 15:00,767200,770100,756300,758900,428130
20080724 09:00,752100,767600,747500,753400,165163
20080724 10:00,752800,755500,741200,746500,418329
20080724 11:00,746600,747200,725100,731700,332387
20080724 12:00,731900,739800,729500,731900,262314
20080724 13:00,732400,740000,730500,734800,219671
20080724 14:00,734700,735700,728800,731900,204871
20080724 15:00,731900,734400,726900,726900,484463
20080725 09:00,721000,733800,716800,724800,170438
20080725 10:00,724700,741200,718000,740200,279531
20080725 11:00,740200,744700,731000,741800,209783
20080725 12:00,741800,745300,739500,739600,84509
20080725 13:00,739400,745900,730400,733400,241195
20080725 14:00,732900,736900,731500,735300,103646
20080725 15:00,735300,738500,733400,734900,239884
20080728 09:00,747400,760000,735700,747200,152222
20080728 10:00,746900,751400,741000,751300,151055
20080728 11:00,752400,757800,748400,756300,184500
20080728 12:00,756100,756300,750200,752900,73078
20080728 13:00,752400,753200,745300,747600,116267
20080728 14:00,747200,748800,723700,724400,294603
20080728 15:00,725000,734000,722100,722100,307788
20080729 09:00,742500,748100,727500,746500,280499
20080729 10:00,746100,749000,738100,746200,351060
20080729 11:00,746300,757300,741100,755900,251865
20080729 12:00,755900,757500,746500,749600,245280
20080729 13:00,750000,755900,747500,755500,144129
20080729 14:00,755100,793900,754500,792400,882572
20080729 15:00,793100,793900,768600,771300,903538
20080730 09:00,783000,789700,761800,777600,407592
20080730 10:00,779000,791700,777900,782100,450934
20080730 11:00,782300,790900,782300,790300,159545
20080730 12:00,790300,791000,780800,784000,300230
20080730 13:00,784800,790000,782600,788900,197089
20080730 14:00,789300,794800,785200,794800,245597
20080730 15:00,794800,808900,793100,803800,642614
20080731 09:00,800000,810000,777000,795100,414390
20080731 10:00,794800,804300,793000,800800,239401
20080731 11:00,800900,800900,781900,784500,233923
20080731 12:00,784600,793700,780000,790900,189305
20080731 13:00,790900,797800,781500,791400,177496
20080731 14:00,791600,792000,781800,788900,193408
20080731 15:00,788900,790000,780000,787700,350902
20080801 09:00,776500,785300,758500,761000,281478
20080801 10:00,761000,764400,757500,763100,378179
20080801 11:00,763800,764000,754200,757300,171903
20080801 12:00,756900,757500,749000,749000,165295
20080801 13:00,749000,757900,747100,757100,127068
20080801 14:00,757300,757800,750000,751300,80246
20080801 15:00,751300,767000,748500,764200,260320
20080804 09:00,746900,756500,744400,755900,656390
20080804 10:00,756100,759900,744400,744700,224420
20080804 11:00,744400,746000,737700,738500,262627
20080804 12:00,739000,741800,736600,738700,188563
20080804 13:00,738700,738700,730100,731400,164204
20080804 14:00,730700,747700,730500,744200,232976
20080804 15:00,744800,747100,732600,732600,617426
20080805 09:00,732800,739800,719200,730200,210417
20080805 10:00,730200,737900,729200,737300,334104
20080805 11:00,737200,749500,736700,748900,255277
20080805 12:00,748800,750900,745200,747500,176827
20080805 13:00,747500,747800,744200,745100,89198
20080805 14:00,744800,749000,737200,739300,185745
20080805 15:00,739500,746700,735400,742300,254578
20080806 09:00,735100,742300,725400,734800,225919
20080806 10:00,734500,737200,725500,736500,284524
20080806 11:00,736100,745700,736100,742000,168525
20080806 12:00,741800,742800,733500,739200,113829
20080806 13:00,739200,752000,736400,747600,174782
20080806 14:00,747500,757300,744900,757000,117383
20080806 15:00,757400,757500,747100,751000,149753
20080807 09:00,747300,756800,741900,750800,119953
20080807 10:00,750800,761900,750500,761900,192834
20080807 11:00,761400,762300,753500,754100,136759
20080807 12:00,755200,759400,754100,758600,82632
20080807 13:00,758800,761500,758000,760400,110294
20080807 14:00,760300,761800,758800,758800,276358
20080807 15:00,759200,762600,753500,762600,413250
20080808 09:00,759600,766300,752800,763200,96851
20080808 10:00,762800,766000,757100,759000,202846
20080808 11:00,758600,758800,744000,747500,234010
20080808 12:00,747500,750000,745600,746000,90230
20080808 13:00,745700,753200,745100,749900,179365
20080808 14:00,749900,752200,736500,738900,420074
20080808 15:00,739100,741500,728000,732900,1118837
20080811 09:00,718100,729600,712000,716100,444593
20080811 10:00,716200,716900,705000,711000,514237
20080811 11:00,711400,728900,711400,727300,303653
20080811 12:00,728300,737800,727300,732600,303044
20080811 13:00,732100,750500,730600,745200,317039
20080811 14:00,745200,752000,744200,748900,268624
20080811 15:00,749000,766700,749000,756500,534548
20080812 09:00,765000,784500,764500,772100,299680
20080812 10:00,772700,773100,738000,740300,448719
20080812 11:00,740600,752800,739800,751800,162562
20080812 12:00,751200,756500,750300,755200,143583
20080812 13:00,755300,765500,753400,763400,231955
20080812 14:00,763300,777100,761800,775900,343439
20080812 15:00,776000,784400,767300,777400,909353
20080813 09:00,768900,775400,753600,762200,215534
20080813 10:00,761300,770000,750900,765200,256772
20080813 11:00,765200,781000,763500,779700,260542
20080813 12:00,779500,779500,773000,779000,119699
20080813 13:00,778600,782000,774900,782000,142710
20080813 14:00,781700,794500,780900,794000,276229
20080813 15:00,794300,794300,783700,786000,243805
20080814 09:00,777500,793800,777500,786100,156716
20080814 10:00,787000,789400,777700,785900,161464
20080814 11:00,786400,786800,779000,780100,117004
20080814 12:00,780100,783900,770000,781000,185271
20080814 13:00,780600,791500,776400,784000,161242
20080814 14:00,783900,784000,779900,780200,107783
20080814 15:00,780200,790500,780000,785700,275153
20080815 09:00,875700,932500,875700,924600,3170333
20080815 10:00,925600,939300,907600,918600,1656871
20080815 11:00,919000,927700,907900,925700,561432
20080815 12:00,925500,935300,925000,934000,499307
20080815 13:00,934000,934000,905900,913200,573290
20080815 14:00,913200,939700,905000,938200,1013982
20080815 15:00,938300,949000,925200,925200,1810555
20080818 09:00,924100,937300,898200,905300,890034
20080818 10:00,905400,908700,892500,898300,659904
20080818 11:00,897700,899000,883700,886200,361802
20080818 12:00,886600,893100,878200,883300,222188
20080818 13:00,883900,890800,880800,886700,253542
20080818 14:00,886500,891200,872600,881200,397115
20080818 15:00,881200,888300,876600,884700,558691
20080819 09:00,870500,891800,870300,881500,545943
20080819 10:00,881300,883400,868800,879100,494707
20080819 11:00,879100,897900,879100,886800,420241
20080819 12:00,886600,898500,883400,894200,290475
20080819 13:00,894400,907600,888100,901800,444261
20080819 14:00,901800,908700,898500,901600,501114
20080819 15:00,901100,902800,894200,900500,732916
20080820 09:00,896000,930000,895200,924100,543095
20080820 10:00,921700,932800,915200,917500,526095
20080820 11:00,917700,919600,912700,917500,298026
20080820 12:00,917500,930900,916500,927400,294596
20080820 13:00,928100,939300,927500,938200,426134
20080820 14:00,938300,938300,920000,923100,404372
20080820 15:00,922900,924500,911600,915700,509960
20080821 09:00,907600,952400,907500,948200,661006
20080821 10:00,947900,958000,934400,952300,564956
20080821 11:00,952400,954100,938900,947700,285902
20080821 12:00,947400,958000,947400,953000,301834
20080821 13:00,953000,966100,946600,949100,407380
20080821 14:00,948700,955300,946900,949900,262922
20080821 15:00,949800,956300,943700,944500,379928
20080822 09:00,952000,960000,946400,951500,212522
20080822 10:00,951900,959500,938000,940100,440968
20080822 11:00,940200,949500,938200,949500,283304
20080822 12:00,948900,957800,947200,955800,168650
20080822 13:00,956300,960000,954500,959200,111070
20080822 14:00,959400,969000,956000,967600,246340
20080822 15:00,967500,973600,965100,965900,348213
20080825 09:00,967000,969800,953700,956800,284703
20080825 10:00,957600,960500,928200,931100,436278
20080825 11:00,931500,931600,918000,919300,363431
20080825 12:00,919400,926000,918400,922700,145266
20080825 13:00,922700,928000,919900,922700,136197
20080825 14:00,922900,927800,920100,926300,134284
20080825 15:00,926100,929400,920000,929400,384352
20080826 09:00,925400,931900,913600,921500,224195
20080826 10:00,922200,937500,921000,933700,304422
20080826 11:00,934000,935200,919900,922100,197060
20080826 12:00,922100,931600,921000,928000,113627
20080826 13:00,927400,927400,917500,919800,139558
20080826 14:00,919800,920500,908800,910000,206289
20080826 15:00,910000,920000,909000,916900,290557
20080827 09:00,916900,932500,911100,929000,204579
20080827 10:00,929700,936600,924900,930200,298813
20080827 11:00,929800,933400,927700,933400,182274
20080827 12:00,933400,940800,932100,938000,265059
20080827 13:00,938300,944600,936200,941700,265864
20080827 14:00,942300,944300,935100,939000,256542
20080827 15:00,938900,942700,932300,934400,493770
20080828 09:00,958500,965000,948900,964400,582253
20080828 10:00,964400,976000,963900,964300,673214
20080828 11:00,963600,970800,959400,967900,431977
20080828 12:00,967500,969700,956800,968100,264324
20080828 13:00,968200,973000,967300,970500,179333
20080828 14:00,970100,975000,969500,972700,185200
20080828 15:00,972700,974500,966700,969600,345233
20080829 09:00,948000,973500,941100,971500,243814
20080829 10:00,972200,984900,972200,980000,370040
20080829 11:00,980400,980400,971200,980200,119153
20080829 12:00,980100,980900,976100,977200,205882
20080829 13:00,977300,979600,974400,978300,98684
20080829 14:00,978400,980000,973500,976300,170295
20080829 15:00,976100,976800,969100,975500,242075
20080902 09:00,952600,970000,948900,950400,306665
20080902 10:00,950900,953100,930200,937400,500013
20080902 11:00,937500,939700,935500,936500,218670
20080902 12:00,937400,938700,923200,924500,228873
20080902 13:00,923900,935400,923700,930000,222125
20080902 14:00,930000,931600,903300,905900,267228
20080902 15:00,906200,912800,901300,911400,634301
20080903 09:00,924900,925000,885200,904000,502978
20080903 10:00,904700,915300,899000,899000,404672
20080903 11:00,899000,900500,852300,854100,737697
20080903 12:00,854700,865100,854700,859900,331859
20080903 13:00,859500,865700,854800,858100,276164
20080903 14:00,858900,862100,851800,856300,319789
20080903 15:00,856400,860800,841100,848100,778608
20080904 09:00,847800,878100,843600,876000,565985
20080904 10:00,876000,892000,866600,874700,628836
20080904 11:00,874400,877200,856200,861300,405535
20080904 12:00,862000,869100,850000,857600,247714
20080904 13:00,857500,857500,830100,841700,367311
20080904 14:00,841400,843200,829400,842500,212470
20080904 15:00,841700,855900,839700,852100,495232
20080905 09:00,846700,847300,823000,845000,344244
20080905 10:00,845600,854900,805000,814200,633434
20080905 11:00,814400,834700,811700,832600,527889
20080905 12:00,832000,839500,828900,836300,280779
20080905 13:00,836100,847000,832600,843600,256788
20080905 14:00,843000,864200,840200,863500,263523
20080905 15:00,863000,864900,855300,857400,398710
20080908 09:00,882900,886000,850100,855300,350150
20080908 10:00,855300,862500,841000,841000,468420
20080908 11:00,840700,853800,820500,823000,394978
20080908 12:00,823200,839900,812000,833500,372301
20080908 13:00,833400,838100,821700,822200,219348
20080908 14:00,821900,849900,820700,848000,313297
20080908 15:00,847400,878400,841100,865900,626099
20080909 09:00,881700,881700,825800,836500,493772
20080909 10:00,836400,838400,803200,805700,913102
20080909 11:00,805800,812600,795800,810000,718322
20080909 12:00,809800,810500,798800,800100,473511
20080909 13:00,800000,804100,782600,783600,484993
20080909 14:00,783500,785900,761000,767600,458475
20080909 15:00,766900,769200,753900,754900,1243305
20080910 09:00,760000,793800,760000,780800,420668
20080910 10:00,780200,788600,766900,771700,359914
20080910 11:00,771400,779900,756300,777200,399467
20080910 12:00,776800,792300,774400,790100,199627
20080910 13:00,790400,796800,781500,789800,218818
20080910 14:00,789700,806500,788200,798900,219964
20080910 15:00,799300,807200,787900,790100,717793
20080911 09:00,773800,777800,748000,752000,471572
20080911 10:00,751000,795000,750300,789800,726658
20080911 11:00,790100,805400,790100,804900,466105
20080911 12:00,805100,813900,795600,800100,436509
20080911 13:00,800300,810500,791000,806900,399680
20080911 14:00,807000,814900,803100,805400,343060
20080911 15:00,805600,811800,794000,801700,644562
20080912 09:00,790800,809900,790000,798200,256251
20080912 10:00,798000,820800,786300,820800,531681
20080912 11:00,820800,827900,816900,827800,403640
20080912 12:00,828000,839000,821100,821500,439179
20080912 13:00,821700,827400,818500,825800,158728
20080912 14:00,826400,827300,817700,827000,162967
20080912 15:00,827000,832500,822500,826900,416570
20080915 09:00,764600,771700,750000,753900,785235
20080915 10:00,754000,774900,730900,774900,1783953
20080915 11:00,774900,775000,741000,744500,587388
20080915 12:00,745300,758300,743500,747100,613368
20080915 13:00,747200,750500,721000,726000,629946
20080915 14:00,726400,731200,714700,720500,712046
20080915 15:00,720300,733200,715000,724000,977949
20080916 09:00,700100,700300,651100,677000,1240297
20080916 10:00,677800,699500,676800,697700,972289
20080916 11:00,698500,736100,698500,733400,996943
20080916 12:00,733300,745900,725600,739500,513885
20080916 13:00,739300,741500,732000,737300,237736
20080916 14:00,737300,764000,728700,763000,725965
20080916 15:00,763600,776100,754900,775000,864010
20080917 09:00,774900,784300,750800,768800,375041
20080917 10:00,768700,770000,738100,739700,704009
20080917 11:00,740000,743900,721600,740900,556318
20080917 12:00,741000,752900,731000,750700,355656
20080917 13:00,751800,753700,739500,744600,362000
20080917 14:00,744600,785000,743700,766900,876363
20080917 15:00,767000,798700,753500,753900,1139758
20080918 09:00,756100,790000,755500,790000,299670
20080918 10:00,791700,807700,785500,790900,536618
20080918 11:00,790600,798700,780100,797400,513340
20080918 12:00,798300,798700,781400,794700,374967
20080918 13:00,794500,809000,787200,803200,268527
20080918 14:00,804800,807100,790000,799100,220288
20080918 15:00,797900,849100,797000,817400,837607
20080919 09:00,893400,1070000,870000,879700,861350
20080919 10:00,878600,899900,858900,899900,467364
20080919 11:00,899700,923000,892900,918000,455191
20080919 12:00,918500,932000,905900,912900,342048
20080919 13:00,913000,913000,885900,890000,311822
20080919 14:00,891200,902100,882200,900200,336154
20080919 15:00,900700,903100,887000,896200,561403
20080922 09:00,877100,894600,873400,883900,191565
20080922 10:00,884500,894000,870000,881000,307849
20080922 11:00,883900,886600,868100,872400,163421
20080922 12:00,872400,891000,869300,889800,130258
20080922 13:00,887800,888900,863000,874500,172036
20080922 14:00,874200,890700,868200,890400,363579
20080922 15:00,889700,898500,855000,864100,487061
20080923 09:00,880900,927600,872000,905700,268854
20080923 10:00,905900,912100,875200,880800,303777
20080923 11:00,880200,915000,863900,913000,370735
20080923 12:00,914000,920000,896100,918100,290777
20080923 13:00,917400,922000,894000,904700,555578
20080923 14:00,904700,938900,899100,927700,540861
20080923 15:00,925700,930400,868800,875100,552520
20080924 09:00,939700,955000,935500,946500,580671
20080924 10:00,946100,986000,938200,974400,748547
20080924 11:00,974600,976100,944000,951300,489713
20080924 12:00,950400,954900,942500,953200,295623
20080924 13:00,953000,964700,950000,960500,263987
20080924 14:00,959400,959400,940600,943000,287151
20080924 15:00,942700,956900,924900,933000,450379
20080925 09:00,910200,956000,901300,947500,215479
20080925 10:00,949900,952000,920000,947400,212003
20080925 11:00,947600,959600,937500,955800,170503
20080925 12:00,955900,977900,952600,975200,183697
20080925 13:00,975500,982000,955000,965000,366632
20080925 14:00,964800,969700,954900,967000,213413
20080925 15:00,967000,970500,945100,948400,365510
20080926 09:00,896700,939200,890000,931000,333244
20080926 10:00,930800,935400,898600,905400,351485
20080926 11:00,905200,924000,890400,897300,451089
20080926 12:00,895600,896500,877500,884700,472520
20080926 13:00,885000,892000,866900,867500,374795
20080926 14:00,866800,866800,831200,834000,396744
20080926 15:00,834000,853100,825500,831600,692088
20080929 09:00,805900,809800,752200,764700,402406
20080929 10:00,764000,774900,751400,768500,379896
20080929 11:00,768500,786300,767900,770600,323319
20080929 12:00,770600,772700,756300,768000,189591
20080929 13:00,768800,769100,720000,725100,308116
20080929 14:00,725300,735000,680000,694400,788798
20080929 15:00,695000,767400,661100,673000,1132935
20111117 09:00,86000,86000,73800,75200,91655
20111117 10:00,75200,75500,74400,74900,86741
20111117 11:00,74800,77000,74300,76200,79323
20111117 12:00,76300,76500,74500,75400,52627
20111117 13:00,75400,75900,74500,75100,43938
20111117 14:00,75200,75400,73500,74800,42400
20111117 15:00,74600,75000,73300,75000,234625
20111118 09:00,75000,75000,71600,72200,123649
20111118 10:00,72300,72300,70800,71500,160816
20111118 11:00,71500,71500,70000,70300,159030
20111118 12:00,70400,70700,69300,69900,106783
20111118 13:00,69900,70700,69600,69600,94459
20111118 14:00,69600,70000,68000,68100,149681
20111118 15:00,68200,69100,68000,68700,410062
20111121 09:00,72900,72900,65000,65600,181522
20111121 10:00,65800,66200,64800,64900,98742
20111121 11:00,64900,66100,64100,65800,92130
20111121 12:00,65900,66800,65700,65800,70727
20111121 13:00,65800,66300,64600,64600,50775
20111121 14:00,64500,66300,64500,65800,59533
20111121 15:00,65800,66500,65700,66100,445253
20111122 09:00,65000,67300,64300,66400,52690
20111122 10:00,66400,66900,64700,64900,72112
20111122 11:00,64900,65500,63700,65200,67715
20111122 12:00,65000,65900,64700,65900,53679
20111122 13:00,65900,68500,65500,67600,119954
20111122 14:00,67700,68000,67200,67300,76974
20111122 15:00,67200,69800,67100,69400,486505
20111123 09:00,67100,69900,65000,69800,41723
20111123 10:00,69900,70500,69700,69900,116816
20111123 11:00,69900,70400,69500,69500,82362
20111123 12:00,69500,70200,69400,70000,65618
20111123 13:00,69900,70100,68300,68300,80902
20111123 14:00,68400,69100,68300,68700,78376
20111123 15:00,68800,69400,68400,68500,297508
20111125 09:00,68500,69800,66900,66900,18047
20111125 10:00,66900,67700,66100,66100,24167
20111125 11:00,66200,66500,65500,65600,42457
20111125 12:00,65600,67000,65200,66100,128372
20111128 09:00,66900,70000,66900,70000,36980
20111128 10:00,69900,70000,69100,69350,34051
20111128 11:00,69300,70000,69200,69800,52723
20111128 12:00,69800,70000,69100,69300,38897
20111128 13:00,69300,69500,68800,68900,23429
20111128 14:00,68800,69600,68800,69411,41763
20111128 15:00,69450,69600,68900,69500,129417
20111129 09:00,69200,69700,68000,68600,27284
20111129 10:00,68600,69400,68200,68400,58809
20111129 11:00,68400,68500,67500,67583,54431
20111129 12:00,67600,67700,66400,66400,42941
20111129 13:00,66500,68100,65900,68000,249490
20111129 14:00,68000,71000,67950,71000,407793
20111129 15:00,70800,74200,70800,72700,420298
20111130 09:00,73400,78000,73400,76500,120443
20111130 10:00,76400,77600,76300,77600,97718
20111130 11:00,77500,79000,77100,79000,226731
20111130 12:00,78900,79300,77000,77100,135553
20111130 13:00,77100,77700,75800,75900,75329
20111130 14:00,75800,76600,75300,75600,119722
20111130 15:00,75600,78400,75300,78200,668513
20111201 09:00,75300,77300,73400,73799,138742
20111201 10:00,73800,76300,73700,75200,91748
20111201 11:00,75100,75400,73800,74200,62143
20111201 12:00,74300,75000,73800,73800,44059
20111201 13:00,73800,74300,73800,73900,44154
20111201 14:00,73950,74100,73500,74000,56558
20111201 15:00,74100,74900,73800,73800,140627
20111202 09:00,75000,76500,74600,76500,52579
20111202 10:00,76500,78500,75800,76050,170553
20111202 11:00,76000,76400,75100,75300,53926
20111202 12:00,75300,75500,74000,74300,65367
20111202 13:00,74300,74700,73700,74525,57082
20111202 14:00,74600,74900,73700,73800,46716
20111202 15:00,73900,74500,73000,73100,139498
20111205 09:00,76400,76400,74100,74400,46721
20111205 10:00,74300,75800,74100,75800,44499
20111205 11:00,75800,76500,75600,76100,41311
20111205 12:00,76100,76100,75000,75700,53460
20111205 13:00,75600,75700,74000,74100,89646
20111205 14:00,74200,74200,72600,73300,98228
20111205 15:00,73400,73400,72000,72700,293168
20111206 09:00,72900,74300,72900,74300,57725
20111206 10:00,74300,76300,73800,74000,202366
20111206 11:00,74000,74000,71200,72100,87590
20111206 12:00,72100,72100,70600,70600,60767
20111206 13:00,70700,71200,70100,70100,80746
20111206 14:00,70200,70900,70000,70600,63045
20111206 15:00,70600,71200,70100,70200,204262
20111207 09:00,70800,73700,70400,72000,133978
20111207 10:00,72200,72200,67500,68400,273313
20111207 11:00,68300,69300,68100,68600,182742
20111207 12:00,68700,69900,68700,69700,77092
20111207 13:00,69700,69900,68600,68600,87974
20111207 14:00,68700,68700,66700,67000,244347
20111207 15:00,67000,67100,65600,66300,407707
20111208 09:00,66200,66800,64400,64700,110634
20111208 10:00,64800,66400,63600,65500,339896
20111208 11:00,65500,66600,65100,65900,162691
20111208 12:00,65900,66000,65500,65700,62536
20111208 13:00,65700,65900,65400,65600,93602
20111208 14:00,65600,65600,64400,64400,149209
20111208 15:00,64500,65100,64100,64300,249242
20111209 09:00,63700,64400,62700,64200,75092
20111209 10:00,64400,65900,64400,65400,108751
20111209 11:00,65400,65700,64800,64900,76141
20111209 12:00,64900,65100,64600,64900,75168
20111209 13:00,65000,65000,64700,64800,82451
20111209 14:00,64700,66000,64600,65900,62145
20111209 15:00,65900,66900,65600,66400,258475
20111212 09:00,65800,66500,64900,66500,68490
20111212 10:00,66600,66900,65300,65600,73978
20111212 11:00,65700,65900,64300,64300,68315
20111212 12:00,64400,64500,64000,64000,36033
20111212 13:00,64100,64900,64000,64900,43251
20111212 14:00,64900,65200,64700,65100,70984
20111212 15:00,65200,66000,65000,65000,325984
20111213 09:00,66000,66500,63800,63900,55620
20111213 10:00,63900,64500,63100,63200,81468
20111213 11:00,63300,65100,62400,63000,162444
20111213 12:00,63100,63800,62800,63300,71263
20111213 13:00,63300,64000,63200,63700,73532
20111213 14:00,63700,64500,63100,63300,266514
20111213 15:00,63300,64000,62500,63100,273664
20111214 09:00,60200,60700,58600,59100,120529
20111214 10:00,59100,59200,56900,57000,206784
20111214 11:00,57000,57700,56800,57100,153049
20111214 12:00,57200,57600,56800,57000,155218
20111214 13:00,57000,57000,55000,55100,307114
20111214 14:00,55100,55700,54500,54600,220680
20111214 15:00,54600,54700,53000,53000,571843
20111215 09:00,54900,54900,53100,53400,138861
20111215 10:00,53400,54000,53000,53200,126588
20111215 11:00,53200,53300,52000,52000,159874
20111215 12:00,52000,53000,51900,52600,154494
20111215 13:00,52700,52900,52500,52600,63455
20111215 14:00,52600,53000,52500,53000,84725
20111215 15:00,52900,53100,52700,52900,237282
20111216 09:00,53100,54600,51300,51400,137798
20111216 10:00,51400,52300,49500,49700,201677
20111216 11:00,49800,50300,49400,50000,180703
20111216 12:00,50000,50900,49700,50700,168038
20111216 13:00,50600,51300,50600,51200,71034
20111216 14:00,51200,51300,50200,50400,93908
20111216 15:00,50400,51400,50300,51300,763054
20111219 09:00,51200,52300,50600,51900,86668
20111219 10:00,51900,53000,51700,51900,139532
20111219 11:00,51800,52200,51600,52000,162332
20111219 12:00,52000,52100,51000,51500,61229
20111219 13:00,51500,51900,51200,51800,126486
20111219 14:00,51800,52400,51700,52400,176252
20111219 15:00,52300,52400,51000,51500,159443
20111220 09:00,52500,54800,51800,53500,98491
20111220 10:00,53600,55400,53500,54800,120249
20111220 11:00,54800,55500,54500,54700,105852
20111220 12:00,54700,55000,54600,54800,51691
20111220 13:00,54900,55200,54400,54400,109682
20111220 14:00,54400,54500,53900,54200,116187
20111220 15:00,54300,54900,54200,54500,291392
20111221 09:00,54000,55400,53000,54200,141943
20111221 10:00,54200,54300,53600,54000,129845
20111221 11:00,54000,54300,53300,53800,116819
20111221 12:00,53900,54000,53400,53800,60973
20111221 13:00,53800,54200,53600,53900,50938
20111221 14:00,53800,54800,53600,54700,156422
20111221 15:00,54700,56500,54500,56400,327353
20111222 09:00,56400,59100,56400,58000,122472
20111222 10:00,57900,58300,57500,57900,110764
20111222 11:00,57900,58300,57600,58200,59003
20111222 12:00,58200,59100,58200,58600,81936
20111222 13:00,58700,58900,58600,58800,73928
20111222 14:00,58800,59100,58800,58900,119554
20111222 15:00,59000,59100,58400,58500,273746
20111223 09:00,69400,69900,61800,62400,1317043
20111223 10:00,62400,65300,61300,64400,859185
20111223 11:00,64500,64700,62300,63000,432708
20111223 12:00,62900,62900,60500,61200,375546
20111223 13:00,61200,61200,59200,60300,370601
20111223 14:00,60300,62000,60000,61700,214516
20111223 15:00,61800,62000,59700,60000,474320
20111227 09:00,60000,60200,56000,57200,217587
20111227 10:00,57100,57400,55200,55900,332427
20111227 11:00,55800,56500,55000,55800,183638
20111227 12:00,55800,57900,55800,57300,159231
20111227 13:00,57300,57500,56500,56900,133166
20111227 14:00,56800,58200,56500,58100,181504
20111227 15:00,58100,60000,58000,59200,818402
20111228 09:00,59000,59100,57600,57800,81050
20111228 10:00,57800,58900,57200,58700,131813
20111228 11:00,58700,58900,58000,58900,95050
20111228 12:00,58800,58900,58300,58600,62646
20111228 13:00,58700,59300,58500,59000,103010
20111228 14:00,59100,59100,58600,58700,95856
20111228 15:00,58700,60300,58100,59500,389160
20111229 09:00,59800,59800,57500,57800,97529
20111229 10:00,57800,58900,57700,58800,60570
20111229 11:00,58800,59000,58300,58400,89235
20111229 12:00,58300,58800,57900,58800,115875
20111229 13:00,58800,59300,58700,59000,94649
20111229 14:00,59000,59100,58900,59000,80529
20111229 15:00,59000,59500,58900,59500,479263
20111230 09:00,58700,60000,58600,59600,65888
20111230 10:00,59600,60400,59600,59700,85575
20111230 11:00,59700,60400,59500,60300,90164
20111230 12:00,60200,60500,59800,59800,59370
20111230 13:00,59800,60600,59800,60600,59326
20111230 14:00,60500,60700,59900,60600,85818
20111230 15:00,60600,62600,60600,62300,380894
20120103 09:00,64800,65700,64500,65200,157053
20120103 10:00,65300,65900,65000,65500,110731
20120103 11:00,65500,65900,65200,65700,119018
20120103 12:00,65700,65800,64500,65500,88817